{
  "timestamp": "2025-06-30T17:29:42.245422",
  "gate_1548": "AND",
  "gate_1552": "OR",
  "best_score": 256.5745553660135,
  "best_config": {
    "0": 1.026,
    "1": 0.144,
    "2": 0.886,
    "3": 1.008,
    "4": 1.748,
    "5": 0.369,
    "6": 0.488,
    "7": 4.343,
    "8": 1.665,
    "9": 0.852,
    "10": 4.412,
    "11": 4.9,
    "12": 3.827,
    "13": 2.578,
    "14": 1.424,
    "15": 1.181,
    "16": 1.756,
    "17": 1.307,
    "18": 3.349,
    "19": 1.891,
    "20": 1.247,
    "21": 1.641,
    "22": 0.99,
    "23": 0.574,
    "24": 2.944,
    "25": 0.117,
    "26": 2.767,
    "27": 3.091,
    "28": 1.281,
    "29": 2.654,
    "30": 4.889,
    "31": 1.292,
    "32": 0.421,
    "33": 0.01,
    "34": 0.01,
    "35": 0.01,
    "36": 0.0,
    "37": 0.0,
    "38": 0.01,
    "39": 0.01
  },
  "best_details": {
    "1548nm": {
      "(0.1, 0.1)": {
        "output": 1.16,
        "expected_high": false,
        "measurements": [
          1.151,
          1.16,
          1.155,
          1.169,
          1.187
        ],
        "std": 0.01280000000000002
      },
      "(0.1, 4.9)": {
        "output": 0.9992,
        "expected_high": false,
        "measurements": [
          0.9589,
          0.9768,
          0.9992,
          1.013,
          1.004
        ],
        "std": 0.019750281010659048
      },
      "(4.9, 0.1)": {
        "output": 1.115,
        "expected_high": false,
        "measurements": [
          1.115,
          1.115,
          1.093,
          1.124,
          1.075
        ],
        "std": 0.01790642342847955
      },
      "(4.9, 4.9)": {
        "output": 3.909,
        "expected_high": true,
        "measurements": [
          3.815,
          3.886,
          3.909,
          3.976,
          3.967
        ],
        "std": 0.05866037845087604
      }
    },
    "1552nm": {
      "(0.1, 0.1)": {
        "output": 0.4861,
        "expected_high": false,
        "measurements": [
          0.4816,
          0.5083,
          0.4904,
          0.4771,
          0.4861
        ],
        "std": 0.010758996235708971
      },
      "(0.1, 4.9)": {
        "output": 2.088,
        "expected_high": true,
        "measurements": [
          2.119,
          2.133,
          2.07,
          2.03,
          2.088
        ],
        "std": 0.03653491480761942
      },
      "(4.9, 0.1)": {
        "output": 2.659,
        "expected_high": true,
        "measurements": [
          2.641,
          2.664,
          2.659,
          2.664,
          2.655
        ],
        "std": 0.008499411744350354
      },
      "(4.9, 4.9)": {
        "output": 2.677,
        "expected_high": true,
        "measurements": [
          2.717,
          2.695,
          2.677,
          2.606,
          2.623
        ],
        "std": 0.042386790395121915
      }
    },
    "scores": {
      "1548nm": 94.89194296602449,
      "1552nm": 96.67550699017217,
      "combined": 256.5745553660135
    }
  },
  "performance_summary": {
    "total_evaluations": 175,
    "best_scores": {
      "1548nm_only": 105.600295097595,
      "1552nm_only": 98.2102171641982,
      "combined": 256.5745553660135
    },
    "convergence_history": [
      {
        "iteration": 0,
        "scores": {
          "1548nm": 88.22684140043421,
          "1552nm": 93.36457762475911,
          "combined": 247.75919978105793
        }
      },
      {
        "iteration": 1,
        "scores": {
          "1548nm": 78.60878164452637,
          "1552nm": 92.73453466124803,
          "combined": 238.45833738672135
        }
      },
      {
        "iteration": 2,
        "scores": {
          "1548nm": 85.31654635679007,
          "1552nm": 88.54328765131307,
          "combined": 240.97992501486087
        }
      },
      {
        "iteration": 3,
        "scores": {
          "1548nm": 80.24609530070778,
          "1552nm": 82.17204754073441,
          "combined": 209.92886017935993
        }
      },
      {
        "iteration": 4,
        "scores": {
          "1548nm": 72.34046990892344,
          "1552nm": 76.62018256294454,
          "combined": 219.05300115100013
        }
      },
      {
        "iteration": 5,
        "scores": {
          "1548nm": 87.25228401410597,
          "1552nm": 97.76906056374695,
          "combined": 250.6479829867234
        }
      },
      {
        "iteration": 6,
        "scores": {
          "1548nm": 90.64817307641921,
          "1552nm": 95.9315949056026,
          "combined": 252.1473336072407
        }
      },
      {
        "iteration": 7,
        "scores": {
          "1548nm": 90.0135477590336,
          "1552nm": 95.15843222975083,
          "combined": 250.91049799927055
        }
      },
      {
        "iteration": 8,
        "scores": {
          "1548nm": 86.09125698318107,
          "1552nm": 96.17165714160461,
          "combined": 248.23291417494275
        }
      },
      {
        "iteration": 9,
        "scores": {
          "1548nm": 89.60041784834355,
          "1552nm": 94.47626792824839,
          "combined": 249.95065788943367
        }
      },
      {
        "iteration": 10,
        "scores": {
          "1548nm": 94.13351035095305,
          "1552nm": 96.6433146047359,
          "combined": 255.8740740346683
        }
      },
      {
        "iteration": 11,
        "scores": {
          "1548nm": 86.82317562013068,
          "1552nm": 95.63705519802438,
          "combined": 248.44396132725237
        }
      },
      {
        "iteration": 12,
        "scores": {
          "1548nm": 93.59877882324653,
          "1552nm": 96.96932123326471,
          "combined": 255.68272446523247
        }
      },
      {
        "iteration": 13,
        "scores": {
          "1548nm": 86.82389332845032,
          "1552nm": 96.00059612971668,
          "combined": 248.75450485031223
        }
      },
      {
        "iteration": 14,
        "scores": {
          "1548nm": 94.89194296602449,
          "1552nm": 96.67550699017217,
          "combined": 256.5745553660135
        }
      },
      {
        "iteration": 15,
        "scores": {
          "1548nm": 89.7227399234006,
          "1552nm": 98.2102171641982,
          "combined": 253.27089574771514
        }
      },
      {
        "iteration": 16,
        "scores": {
          "1548nm": 92.10106547653253,
          "1552nm": 90.58900652311654,
          "combined": 248.76370473101056
        }
      },
      {
        "iteration": 17,
        "scores": {
          "1548nm": 88.10684793317435,
          "1552nm": 95.26257040398806,
          "combined": 249.2855682182236
        }
      },
      {
        "iteration": 18,
        "scores": {
          "1548nm": 89.04704061893014,
          "1552nm": 93.19140242541096,
          "combined": 248.34305205726506
        }
      },
      {
        "iteration": 19,
        "scores": {
          "1548nm": 94.17860863205901,
          "1552nm": 95.95893118224086,
          "combined": 255.3162283010717
        }
      }
    ]
  },
  "best_single_wavelength_configs": {
    "1548nm": {
      "0": 1.026,
      "1": 0.144,
      "2": 0.886,
      "3": 1.008,
      "4": 1.748,
      "5": 0.369,
      "6": 0.488,
      "7": 4.343,
      "8": 1.665,
      "9": 0.852,
      "10": 4.412,
      "11": 4.9,
      "12": 3.827,
      "13": 2.578,
      "14": 1.424,
      "15": 1.181,
      "16": 1.756,
      "17": 1.307,
      "18": 3.349,
      "19": 1.891,
      "20": 1.247,
      "21": 1.641,
      "22": 0.99,
      "23": 0.574,
      "24": 2.944,
      "25": 0.117,
      "26": 2.767,
      "27": 3.091,
      "28": 1.281,
      "29": 2.654,
      "30": 4.889,
      "31": 1.292,
      "32": 0.421,
      "33": 0.01,
      "34": 0.01,
      "35": 0.01,
      "36": 0.0,
      "37": 0.0,
      "38": 0.01,
      "39": 0.01
    },
    "1552nm": {
      "0": 1.026,
      "1": 0.144,
      "2": 0.886,
      "3": 1.008,
      "4": 1.748,
      "5": 0.369,
      "6": 0.488,
      "7": 4.343,
      "8": 1.665,
      "9": 0.852,