{
    "timestamp": "2025-07-01T13:12:06.927660",
    "gate_1548": "AND",
    "gate_1552": "OR",
    "best_combined_score": 113.49001415689423,
    "final_test_results": {
        "1548nm": 73.9054384958014,
        "1552nm": 77.4562352197232,
        "combined": 113.49001415689423
    },
    "best_config": {
        "0": 1.0146,
        "1": 0.3607,
        "2": 1.0089,
        "3": 0.6159,
        "4": 1.3102,
        "5": 0.242,
        "6": 0.207,
        "7": 4.7781,
        "8": 1.6988,
        "9": 0.7128,
        "10": 4.8869,
        "11": 4.8205,
        "12": 3.8507,
        "13": 2.259,
        "14": 1.5807,
        "15": 1.3308,
        "16": 2.3028,
        "17": 0.9509,
        "18": 3.3946,
        "19": 2.3525,
        "20": 1.1213,
        "21": 1.1863,
        "22": 0.598,
        "23": 0.5225,
        "24": 2.5434,
        "25": 0.4401,
        "26": 2.5117,
        "27": 3.0899,
        "28": 1.2538,
        "29": 2.7235,
        "30": 4.5285,
        "31": 1.2351,
        "32": 0.851,
        "33": 0.01,
        "34": 0.01,
        "35": 0.01,
        "36": 0.0,
        "37": 0.0,
        "38": 0.01,
        "39": 0.01
    }
}