{
    "timestamp": "2025-07-01T09:57:39.813729",
    "gate_1548": "AND",
    "gate_1552": "OR",
    "best_combined_score": 64.74091476803986,
    "final_test_results": {
        "1548nm": 23.638557798077144,
        "1552nm": 78.80507170259384,
        "combined": 64.74091476803986
    },
    "best_config": {
        "0": 2.783,
        "1": 3.2135,
        "2": 4.0899,
        "3": 2.1904,
        "4": 4.1942,
        "5": 2.8378,
        "6": 1.8861,
        "7": 1.4955,
        "8": 1.6219,
        "9": 1.9841,
        "10": 1.91,
        "11": 2.7665,
        "12": 3.3487,
        "13": 3.8605,
        "14": 1.1737,
        "15": 2.7356,
        "16": 2.9092,
        "17": 3.9119,
        "18": 4.0619,
        "19": 4.2412,
        "20": 3.386,
        "21": 2.4047,
        "22": 0.8394,
        "23": 2.6156,
        "24": 3.5079,
        "25": 4.6579,
        "26": 2.0852,
        "27": 3.8542,
        "28": 1.8832,
        "29": 1.6837,
        "30": 2.6659,
        "31": 0.9198,
        "32": 3.9275,
        "33": 0.01,
        "34": 0.01,
        "35": 0.01,
        "36": 0.0,
        "37": 0.0,
        "38": 0.01,
        "39": 0.01
    }
}