{
    "0": 4.833912131203639,
    "1": 3.020579701844098,
    "2": 4.167883531608241,
    "3": 4.734837553841446,
    "4": 0.31730562838556525,
    "5": 2.333975343436852,
    "6": 3.8156176802171933,
    "7": 3.4943720050294544,
    "8": 4.251539994444003,
    "9": 0.6035364977874184,
    "10": 1.3059970352358692,
    "11": 4.718182941379346,
    "12": 0.5735645184861804,
    "13": 3.782788536568159,
    "14": 0.248653840866251,
    "15": 1.5524341422931542,
    "16": 2.0501793631870706,
    "17": 1.4508624386586797,
    "18": 1.9791108408995484,
    "19": 4.443182613058949,
    "20": 0.30929665168208453,
    "21": 4.75900563623786,
    "22": 1.128408741472253,
    "23": 2.952730298509268,
    "24": 3.945959243924136,
    "25": 4.783915813097184,
    "26": 4.207978300226376,
    "27": 0.8258786980955384,
    "28": 4.4280963873542145,
    "29": 4.86535228136016,
    "30": 0.347289034028012,
    "31": 3.931222421452235,
    "32": 4.311014433996983,
    "33": 0.01,
    "34": 0.01,
    "35": 0.01,
    "36": 0.01,
    "37": 0.01,
    "38": 0.01,
    "39": 0.01
}