{
  "timestamp": "2025-06-12T18:22:29.358416",
  "gate_1548": "AND",
  "gate_1552": "OR",
  "best_score": 169.4990692498284,
  "best_config": {
    "0": 1.525,
    "1": 2.878,
    "2": 1.233,
    "3": 0.168,
    "4": 1.225,
    "5": 0.765,
    "6": 3.049,
    "7": 1.112,
    "8": 0.828,
    "9": 2.38,
    "10": 1.004,
    "11": 1.314,
    "12": 1.014,
    "13": 1.843,
    "14": 1.442,
    "15": 0.968,
    "16": 1.937,
    "17": 0.503,
    "18": 0.458,
    "19": 0.647,
    "20": 0.989,
    "21": 2.893,
    "22": 4.479,
    "23": 4.835,
    "24": 1.811,
    "25": 0.644,
    "26": 2.254,
    "27": 4.466,
    "28": 2.096,
    "29": 0.235,
    "30": 2.513,
    "31": 2.447,
    "32": 2.053,
    "33": 0.01,
    "34": 0.01,
    "35": 0.01,
    "36": 0.0,
    "37": 0.0,
    "38": 0.01,
    "39": 0.01
  }
}