{
  "timestamp": "2025-06-11T18:48:44.282410",
  "gate_1548": "AND",
  "gate_1552": "OR",
  "best_score": 97.36530886474067,
  "best_config": {
    "0": 1.986,
    "1": 3.155,
    "2": 2.679,
    "3": 4.16,
    "4": 4.167,
    "5": 3.524,
    "6": 1.687,
    "7": 0.1,
    "8": 4.6,
    "9": 0.974,
    "10": 0.1,
    "11": 0.1,
    "12": 4.871,
    "13": 1.039,
    "14": 2.384,
    "15": 3.09,
    "16": 4.249,
    "17": 3.283,
    "18": 4.019,
    "19": 4.449,
    "20": 3.526,
    "21": 4.328,
    "22": 3.515,
    "23": 1.271,
    "24": 4.572,
    "25": 0.207,
    "26": 4.204,
    "27": 3.467,
    "28": 0.52,
    "29": 2.413,
    "30": 3.757,
    "31": 0.436,
    "32": 4.018,
    "33": 0.01,
    "34": 0.01,
    "35": 0.01,
    "36": 0.0,
    "37": 0.0,
    "38": 0.01,
    "39": 0.01
  },
  "best_details": {
    "1548nm_AND": {
      "(0.05, 0.05)": {
        "output": 1.16,
        "expected_high": false
      },
      "(0.05, 4.95)": {
        "output": 1.097,
        "expected_high": false
      },
      "(4.95, 0.05)": {
        "output": 2.731,
        "expected_high": false
      },
      "(4.95, 4.95)": {
        "output": 5.306,
        "expected_high": true
      },
      "summary": {
        "gate_name": "AND",
        "wavelength": 1548,
        "avg_high": 5.306,
        "avg_low": 1.6626666666666665,
        "separation": 3.6433333333333335,
        "extinction_ratio": 3.191259021651965,
        "high_std": 0,
        "low_std": 0.755863450337133,
        "final_score": 72.46133030671129
      }
    },
    "1552nm_OR": {
      "(0.05, 0.05)": {
        "output": 0.6645,
        "expected_high": false
      },
      "(0.05, 4.95)": {
        "output": 1.392,
        "expected_high": true
      },
      "(4.95, 0.05)": {
        "output": 3.837,
        "expected_high": true
      },
      "(4.95, 4.95)": {
        "output": 5.221,
        "expected_high": true
      },
      "summary": {
        "gate_name": "OR",
        "wavelength": 1552,
        "avg_high": 3.483333333333333,
        "avg_low": 0.6645,
        "separation": 2.818833333333333,
        "extinction_ratio": 5.242036619011788,
        "high_std": 1.5830603975282251,
        "low_std": 0,
        "final_score": 78.79248923874329
      }
    },
    "scores": {
      "1548nm": 72.46133030671129,
      "1552nm": 78.79248923874329,
      "combined": 97.36530886474067,
      "min_score": 72.46133030671129,
      "avg_score": 75.62690977272729
    }
  }
}