{
  "timestamp": "2025-06-11T18:00:41.531432",
  "gate_1548": "AND",
  "gate_1552": "OR",
  "best_score": 118.80671671384144,
  "best_config": {
    "0": 3.972,
    "1": 2.061,
    "2": 2.288,
    "3": 0.1,
    "4": 3.143,
    "5": 3.695,
    "6": 2.587,
    "7": 1.887,
    "8": 2.43,
    "9": 1.09,
    "10": 4.303,
    "11": 4.561,
    "12": 2.195,
    "13": 1.159,
    "14": 1.415,
    "15": 1.686,
    "16": 4.201,
    "17": 2.324,
    "18": 1.323,
    "19": 0.823,
    "20": 3.463,
    "21": 4.028,
    "22": 2.842,
    "23": 0.1,
    "24": 2.49,
    "25": 3.472,
    "26": 1.541,
    "27": 0.948,
    "28": 4.274,
    "29": 3.417,
    "30": 1.091,
    "31": 0.514,
    "32": 1.762,
    "33": 0.01,
    "34": 0.01,
    "35": 0.01,
    "36": 0.0,
    "37": 0.0,
    "38": 0.01,
    "39": 0.01
  },
  "best_details": {
    "1548nm_AND": {
      "(0.1, 0.1)": {
        "output": 2.682,
        "expected_high": false
      },
      "(0.1, 4.9)": {
        "output": 3.074,
        "expected_high": false
      },
      "(4.9, 0.1)": {
        "output": 3.043,
        "expected_high": false
      },
      "(4.9, 4.9)": {
        "output": 4.462,
        "expected_high": true
      },
      "summary": {
        "gate_name": "AND",
        "wavelength": 1548,
        "avg_high": 4.462,
        "avg_low": 2.933,
        "separation": 1.529,
        "success_rate": 1.0,
        "final_score": 96.62778615402458,
        "component_scores": {
          "high_consistency": 1.0,
          "low_consistency": 0.8875928718008194,
          "separation": 1.0,
          "success_bonus": 1.0
        }
      }
    },
    "1552nm_OR": {
      "(0.1, 0.1)": {
        "output": 0.9411,
        "expected_high": false
      },
      "(0.1, 4.9)": {
        "output": 2.159,
        "expected_high": true
      },
      "(4.9, 0.1)": {
        "output": 1.169,
        "expected_high": true
      },
      "(4.9, 4.9)": {
        "output": 1.718,
        "expected_high": true
      },
      "summary": {
        "gate_name": "OR",
        "wavelength": 1552,
        "avg_high": 1.6819999999999997,
        "avg_low": 0.9411,
        "separation": 0.7408999999999997,
        "success_rate": 1.0,
        "final_score": 88.11602954603646,
        "component_scores": {
          "high_consistency": 0.6038676515345486,
          "low_consistency": 1.0,
          "separation": 1.0,
          "success_bonus": 1.0
        }
      }
    },
    "scores": {
      "1548nm": 96.62778615402458,
      "1552nm": 88.11602954603646,
      "combined": 118.80671671384144,
      "min_score": 88.11602954603646,
      "avg_score": 92.37190785003051
    }
  }
}