{
  "timestamp": "2025-06-11T18:33:41.911493",
  "gate_1548": "AND",
  "gate_1552": "OR",
  "best_score": 7.928935318154844,
  "best_config": {
    "0": 1.961,
    "1": 3.174,
    "2": 2.137,
    "3": 4.681,
    "4": 4.218,
    "5": 4.375,
    "6": 2.346,
    "7": 0.579,
    "8": 4.511,
    "9": 0.971,
    "10": 0.1,
    "11": 0.567,
    "12": 4.128,
    "13": 1.255,
    "14": 2.36,
    "15": 2.956,
    "16": 4.847,
    "17": 2.496,
    "18": 4.688,
    "19": 4.419,
    "20": 3.115,
    "21": 4.333,
    "22": 3.513,
    "23": 0.553,
    "24": 4.9,
    "25": 0.1,
    "26": 3.672,
    "27": 2.922,
    "28": 0.508,
    "29": 2.281,
    "30": 3.347,
    "31": 1.012,
    "32": 4.619,
    "33": 0.01,
    "34": 0.01,
    "35": 0.01,
    "36": 0.0,
    "37": 0.0,
    "38": 0.01,
    "39": 0.01
  },
  "best_details": {
    "1548nm_AND": {
      "(0.05, 0.05)": {
        "output": 2.07,
        "expected_high": false
      },
      "(0.05, 4.95)": {
        "output": 3.945,
        "expected_high": false
      },
      "(4.95, 0.05)": {
        "output": 5.02,
        "expected_high": false
      },
      "(4.95, 4.95)": {
        "output": 8.166,
        "expected_high": true
      },
      "summary": {
        "gate_name": "AND",
        "wavelength": 1548,
        "avg_high": 8.166,
        "avg_low": 3.6783333333333332,
        "separation": 4.487666666666668,
        "extinction_ratio": 2.220027186225646,
        "extinction_db": 6.927165856179339,
        "final_score": 15.857870636309688
      }
    },
    "1552nm_OR": {
      "(0.05, 0.05)": {
        "output": 0.6021,
        "expected_high": false
      },
      "(0.05, 4.95)": {
        "output": 1.361,
        "expected_high": true
      },
      "(4.95, 0.05)": {
        "output": 3.079,
        "expected_high": true
      },
      "(4.95, 4.95)": {
        "output": 4.717,
        "expected_high": true
      },
      "summary": {
        "gate_name": "OR",
        "wavelength": 1552,
        "avg_high": 3.0523333333333333,
        "avg_low": 0.6021,
        "separation": 2.4502333333333333,
        "extinction_ratio": 5.069479045562753,
        "extinction_db": 14.099266645199444,
        "final_score": 37.611848195758824
      }
    },
    "scores": {
      "1548nm": 15.857870636309688,
      "1552nm": 37.611848195758824,
      "combined": 7.928935318154844,
      "min_score": 15.857870636309688,
      "avg_score": 26.734859416034254
    }
  }
}