{
  "timestamp": "2025-06-11T19:42:11.284753",
  "gate_1548": "AND",
  "gate_1552": "OR",
  "best_score": 69.77122223398291,
  "best_config": {
    "0": 0.637,
    "1": 2.076,
    "2": 3.121,
    "3": 0.722,
    "4": 3.098,
    "5": 4.492,
    "6": 0.558,
    "7": 4.511,
    "8": 4.74,
    "9": 0.205,
    "10": 2.623,
    "11": 1.746,
    "12": 2.476,
    "13": 0.1,
    "14": 4.441,
    "15": 3.676,
    "16": 0.1,
    "17": 4.368,
    "18": 4.534,
    "19": 1.563,
    "20": 0.534,
    "21": 0.691,
    "22": 1.387,
    "23": 1.577,
    "24": 4.018,
    "25": 3.596,
    "26": 1.852,
    "27": 1.372,
    "28": 4.604,
    "29": 4.567,
    "30": 4.784,
    "31": 3.779,
    "32": 0.363,
    "33": 0.01,
    "34": 0.01,
    "35": 0.01,
    "36": 0.0,
    "37": 0.0,
    "38": 0.01,
    "39": 0.01
  },
  "best_details": {
    "1548nm_AND": {
      "(0.05, 0.05)": {
        "output": 1.209,
        "expected_high": false
      },
      "(0.05, 4.95)": {
        "output": 1.57,
        "expected_high": false
      },
      "(4.95, 0.05)": {
        "output": 3.833,
        "expected_high": false
      },
      "(4.95, 4.95)": {
        "output": 4.409,
        "expected_high": true
      },
      "summary": {
        "gate_name": "AND",
        "wavelength": 1548,
        "avg_high": 4.409,
        "avg_low": 2.204,
        "separation": 2.2049999999999996,
        "extinction_ratio": 2.0004537205081667,
        "high_std": 0,
        "low_std": 1.1612668369787655,
        "final_score": 55.81953322493241
      }
    },
    "1552nm_OR": {
      "(0.05, 0.05)": {
        "output": 3.007,
        "expected_high": false
      },
      "(0.05, 4.95)": {
        "output": 7.202,
        "expected_high": true
      },
      "(4.95, 0.05)": {
        "output": 2.521,
        "expected_high": true
      },
      "(4.95, 4.95)": {
        "output": 6.832,
        "expected_high": true
      },
      "summary": {
        "gate_name": "OR",
        "wavelength": 1552,
        "avg_high": 5.5183333333333335,
        "avg_low": 3.007,
        "separation": 2.5113333333333334,
        "extinction_ratio": 1.8351623988471344,
        "high_std": 2.12481063208518,
        "low_std": 0,
        "final_score": 52.32681952689589
      }
    },
    "scores": {
      "1548nm": 55.81953322493241,
      "1552nm": 52.32681952689589,
      "combined": 69.77122223398291,
      "min_score": 52.32681952689589,
      "avg_score": 54.073176375914144
    }
  }
}