{
  "timestamp": "2025-06-11T16:23:02.663651",
  "gate_1548": "AND",
  "gate_1552": "OR",
  "best_score": 127.62971579197105,
  "best_config": {
    "0": 0.1,
    "1": 4.054,
    "2": 2.293,
    "3": 2.052,
    "4": 4.6,
    "5": 3.586,
    "6": 2.963,
    "7": 2.001,
    "8": 0.652,
    "9": 1.892,
    "10": 1.266,
    "11": 2.564,
    "12": 1.735,
    "13": 4.69,
    "14": 1.562,
    "15": 3.595,
    "16": 0.486,
    "17": 0.1,
    "18": 1.383,
    "19": 2.455,
    "20": 0.504,
    "21": 2.637,
    "22": 4.493,
    "23": 0.1,
    "24": 4.73,
    "25": 3.45,
    "26": 3.817,
    "27": 2.359,
    "28": 4.38,
    "29": 2.061,
    "30": 1.763,
    "31": 1.464,
    "32": 2.663,
    "33": 0.01,
    "34": 0.01,
    "35": 0.01,
    "36": 0.0,
    "37": 0.0,
    "38": 0.01,
    "39": 0.01
  },
  "best_details": {
    "1548nm_AND": {
      "(0.1, 0.1)": {
        "output": 4.043,
        "expected_high": false
      },
      "(0.1, 4.9)": {
        "output": 4.243,
        "expected_high": false
      },
      "(4.9, 0.1)": {
        "output": 3.654,
        "expected_high": false
      },
      "(4.9, 4.9)": {
        "output": 5.114,
        "expected_high": true
      },
      "summary": {
        "gate_name": "AND",
        "wavelength": 1548,
        "avg_high": 5.114,
        "avg_low": 3.9800000000000004,
        "separation": 1.1339999999999995,
        "success_rate": 1.0,
        "final_score": 98.06960084526379,
        "component_scores": {
          "high_consistency": 1.0,
          "low_consistency": 0.8069600845263788,
          "separation": 1.0,
          "success_bonus": 1.0
        }
      }
    },
    "1552nm_OR": {
      "(0.1, 0.1)": {
        "output": 1.138,
        "expected_high": false
      },
      "(0.1, 4.9)": {
        "output": 1.704,
        "expected_high": true
      },
      "(4.9, 0.1)": {
        "output": 1.807,
        "expected_high": true
      },
      "(4.9, 4.9)": {
        "output": 1.45,
        "expected_high": true
      },
      "summary": {
        "gate_name": "OR",
        "wavelength": 1552,
        "avg_high": 1.6536666666666668,
        "avg_low": 1.138,
        "separation": 0.5156666666666669,
        "success_rate": 1.0,
        "final_score": 98.34807023152003,
        "component_scores": {
          "high_consistency": 0.9174035115760014,
          "low_consistency": 1.0,
          "separation": 1.0,
          "success_bonus": 1.0
        }
      }
    },
    "scores": {
      "1548nm": 98.06960084526379,
      "1552nm": 98.34807023152003,
      "combined": 127.62971579197105,
      "min_score": 98.06960084526379,
      "avg_score": 98.20883553839191
    }
  }
}