{
  "timestamp": "2025-06-11T17:38:13.393469",
  "gate_1548": "AND",
  "gate_1552": "OR",
  "best_score": 128.7581510858966,
  "best_config": {
    "0": 4.304,
    "1": 1.682,
    "2": 1.964,
    "3": 0.583,
    "4": 3.021,
    "5": 4.732,
    "6": 2.825,
    "7": 1.627,
    "8": 2.181,
    "9": 0.252,
    "10": 4.038,
    "11": 4.9,
    "12": 3.107,
    "13": 0.694,
    "14": 1.0,
    "15": 1.323,
    "16": 4.399,
    "17": 1.894,
    "18": 0.509,
    "19": 1.161,
    "20": 3.915,
    "21": 3.61,
    "22": 1.905,
    "23": 0.221,
    "24": 2.072,
    "25": 3.677,
    "26": 1.286,
    "27": 0.754,
    "28": 4.524,
    "29": 4.398,
    "30": 1.45,
    "31": 0.224,
    "32": 1.52,
    "33": 0.01,
    "34": 0.01,
    "35": 0.01,
    "36": 0.0,
    "37": 0.0,
    "38": 0.01,
    "39": 0.01
  },
  "best_details": {
    "1548nm_AND": {
      "(0.1, 0.1)": {
        "output": 0.852,
        "expected_high": false
      },
      "(0.1, 4.9)": {
        "output": 0.9144,
        "expected_high": false
      },
      "(4.9, 0.1)": {
        "output": 1.321,
        "expected_high": false
      },
      "(4.9, 4.9)": {
        "output": 1.602,
        "expected_high": true
      },
      "summary": {
        "gate_name": "AND",
        "wavelength": 1548,
        "avg_high": 1.602,
        "avg_low": 1.0291333333333332,
        "separation": 0.5728666666666669,
        "success_rate": 1.0,
        "final_score": 98.52538073289416,
        "component_scores": {
          "high_consistency": 1.0,
          "low_consistency": 0.8525380732894168,
          "separation": 1.0,
          "success_bonus": 1.0
        }
      }
    },
    "1552nm_OR": {
      "(0.1, 0.1)": {
        "output": 0.9189,
        "expected_high": false
      },
      "(0.1, 4.9)": {
        "output": 1.794,
        "expected_high": true
      },
      "(4.9, 0.1)": {
        "output": 1.78,
        "expected_high": true
      },
      "(4.9, 4.9)": {
        "output": 1.704,
        "expected_high": true
      },
      "summary": {
        "gate_name": "OR",
        "wavelength": 1552,
        "avg_high": 1.7593333333333334,
        "avg_low": 0.9189,
        "separation": 0.8404333333333334,
        "success_rate": 1.0,
        "final_score": 99.87569299916257,
        "component_scores": {
          "high_consistency": 0.9937846499581287,
          "low_consistency": 1.0,
          "separation": 1.0,
          "success_bonus": 1.0
        }
      }
    },
    "scores": {
      "1548nm": 98.52538073289416,
      "1552nm": 99.87569299916257,
      "combined": 128.7581510858966,
      "min_score": 98.52538073289416,
      "avg_score": 99.20053686602836
    }
  }
}