{
  "timestamp": "2025-06-11T15:50:32.653862",
  "gate_1548": "AND",
  "gate_1552": "OR",
  "best_score": 121.60617701816022,
  "best_config": {
    "0": 0.4,
    "1": 4.591,
    "2": 2.95,
    "3": 2.621,
    "4": 4.6,
    "5": 2.236,
    "6": 1.746,
    "7": 2.639,
    "8": 1.9,
    "9": 1.993,
    "10": 2.327,
    "11": 3.104,
    "12": 2.124,
    "13": 4.304,
    "14": 2.356,
    "15": 3.54,
    "16": 0.439,
    "17": 0.528,
    "18": 0.674,
    "19": 1.548,
    "20": 0.515,
    "21": 2.192,
    "22": 4.449,
    "23": 0.669,
    "24": 4.231,
    "25": 3.505,
    "26": 3.884,
    "27": 2.198,
    "28": 4.528,
    "29": 2.806,
    "30": 1.77,
    "31": 0.151,
    "32": 2.704,
    "33": 0.01,
    "34": 0.01,
    "35": 0.01,
    "36": 0.0,
    "37": 0.0,
    "38": 0.01,
    "39": 0.01
  },
  "best_details": {
    "1548nm_AND": {
      