{
  "timestamp": "2025-06-11T17:07:57.887386",
  "gate_1548": "AND",
  "gate_1552": "OR",
  "best_score": 126.1589211378147,
  "best_config": {
    "0": 0.149,
    "1": 4.381,
    "2": 2.223,
    "3": 2.02,
    "4": 4.6,
    "5": 2.313,
    "6": 2.439,
    "7": 1.955,
    "8": 1.739,
    "9": 2.642,
    "10": 1.493,
    "11": 2.637,
    "12": 2.133,
    "13": 4.281,
    "14": 2.297,
    "15": 2.991,
    "16": 1.012,
    "17": 0.116,
    "18": 1.186,
    "19": 1.335,
    "20": 0.967,
    "21": 2.218,
    "22": 4.563,
    "23": 0.73,
    "24": 3.608,
    "25": 2.674,
    "26": 3.784,
    "27": 2.61,
    "28": 4.9,
    "29": 2.214,
    "30": 1.743,
    "31": 0.139,
    "32": 2.694,
    "33": 0.01,
    "34": 0.01,
    "35": 0.01,
    "36": 0.0,
    "37": 0.0,
    "38": 0.01,
    "39": 0.01
  },
  "best_details": {
    "1548nm_AND": {
      "(0.1, 0.1)": {
        "output": 3.168,
        "expected_high": false
      },
      "(0.1, 4.9)": {
        "output": 3.784,
        "expected_high": false
      },
      "(4.9, 0.1)": {
        "output": 3.23,
        "expected_high": false
      },
      "(4.9, 4.9)": {
        "output": 3.994,
        "expected_high": true
      },
      "summary": {
        "gate_name": "AND",
        "wavelength": 1548,
        "avg_high": 3.994,
        "avg_low": 3.394,
        "separation": 0.6000000000000001,
        "success_rate": 1.0,
        "final_score": 97.65249900007346,
        "component_scores": {
          "high_consistency": 1.0,
          "low_consistency": 0.7652499000073466,
          "separation": 1.0,
          "success_bonus": 1.0
        }
      }
    },
    "1552nm_OR": {
      "(0.1, 0.1)": {
        "output": 1.753,
        "expected_high": false
      },
      "(0.1, 4.9)": {
        "output": 2.775,
        "expected_high": true
      },
      "(4.9, 0.1)": {
        "output": 2.641,
        "expected_high": true
      },
      "(4.9, 4.9)": {
        "output": 3.168,
        "expected_high": true
      },
      "summary": {
        "gate_name": "OR",
        "wavelength": 1552,
        "avg_high": 2.861333333333333,
        "avg_low": 1.753,
        "separation": 1.1083333333333332,
        "success_rate": 1.0,
        "final_score": 96.66583954722248,
        "component_scores": {
          "high_consistency": 0.8332919773611234,
          "low_consistency": 1.0,
          "separation": 1.0,
          "success_bonus": 1.0
        }
      }
    },
    "scores": {
      "1548nm": 97.65249900007346,
      "1552nm": 96.66583954722248,
      "combined": 126.1589211378147,
      "min_score": 96.66583954722248,
      "avg_score": 97.15916927364796
    }
  }
}