{
  "timestamp": "2025-06-25T16:02:48.053680",
  "gate_1548": "AND",
  "gate_1552": "OR",
  "best_score": 112.29771895840813,
  "best_config": {
    "0": 0.401,
    "1": 0.221,
    "2": 3.548,
    "3": 3.833,
    "4": 4.176,
    "5": 1.604,
    "6": 0.25,
    "7": 4.207,
    "8": 2.697,
    "9": 4.637,
    "10": 4.606,
    "11": 1.835,
    "12": 2.283,
    "13": 2.456,
    "14": 4.264,
    "15": 1.75,
    "16": 3.711,
    "17": 3.91,
    "18": 1.822,
    "19": 2.483,
    "20": 0.22,
    "21": 0.424,
    "22": 2.383,
    "23": 0.1,
    "24": 2.449,
    "25": 3.897,
    "26": 1.901,
    "27": 3.489,
    "28": 4.314,
    "29": 4.186,
    "30": 4.354,
    "31": 4.324,
    "32": 3.027,
    "33": 0.01,
    "34": 0.01,
    "35": 0.01,
    "36": 0.0,
    "37": 0.0,
    "38": 0.01,
    "39": 0.01
  },
  "best_details": {
    "1548nm_AND": {
      "(0.1, 0.1)": {
        "output": 0.8608,
        "expected_high": false
      },
      "(0.1, 4.9)": {
        "output": 1.013,
        "expected_high": false
      },
      "(4.9, 0.1)": {
        "output": 1.035,
        "expected_high": false
      },
      "(4.9, 4.9)": {
        "output": 1.646,
        "expected_high": true
      }
    },
    "1552nm_OR": {
      "(0.1, 0.1)": {
        "output": 0.2539,
        "expected_high": false
      },
      "(0.1, 4.9)": {
        "output": 2.856,
        "expected_high": true
      },
      "(4.9, 0.1)": {
        "output": 1.146,
        "expected_high": true
      },
      "(4.9, 4.9)": {
        "output": 4.458,
        "expected_high": true
      }
    },
    "scores": {
      "1548nm": 24.135832206139412,
      "1552nm": 50.72931376613268,
      "combined": 112.29771895840813
    }
  }
}