{
  "timestamp": "2025-06-12T17:16:57.231697",
  "gate_1548": "AND",
  "gate_1552": "OR",
  "best_score": 41.2849105600544,
  "best_config": {
    "0": 4.749,
    "1": 1.872,
    "2": 1.11,
    "3": 1.939,
    "4": 1.688,
    "5": 3.67,
    "6": 4.741,
    "7": 3.647,
    "8": 0.696,
    "9": 0.356,
    "10": 2.874,
    "11": 0.656,
    "12": 0.689,
    "13": 1.923,
    "14": 4.079,
    "15": 2.386,
    "16": 2.749,
    "17": 1.038,
    "18": 0.581,
    "19": 2.705,
    "20": 1.55,
    "21": 0.486,
    "22": 0.69,
    "23": 4.672,
    "24": 0.301,
    "25": 4.598,
    "26": 0.862,
    "27": 4.427,
    "28": 1.97,
    "29": 3.992,
    "30": 3.358,
    "31": 1.357,
    "32": 0.404,
    "33": 0.01,
    "34": 0.01,
    "35": 0.01,
    "36": 0.0,
    "37": 0.0,
    "38": 0.01,
    "39": 0.01
  },
  "best_details": {
    "1548nm_AND": {
      "(0.1, 0.1)": {
        "output": 3.074,
        "expected_high": false
      },
      "(0.1, 4.9)": {
        "output": 3.65,
        "expected_high": false
      },
      "(4.9, 0.1)": {
        "output": 3.802,
        "expected_high": false
      },
      "(4.9, 4.9)": {
        "output": 4.181,
        "expected_high": true
      }
    },
    "1552nm_OR": {
      "(0.1, 0.1)": {
        "output": 0.7136,
        "expected_high": false
      },
      "(0.1, 4.9)": {
        "output": 1.004,
        "expected_high": true
      },
      "(4.9, 0.1)": {
        "output": 1.267,
        "expected_high": true
      },
      "(4.9, 4.9)": {
        "output": 3.021,
        "expected_high": true
      }
    },
    "scores": {
      "1548nm": 10.0,
      "1552nm": 17.523273706702934,
      "combined": 41.2849105600544
    }
  }
}