{
  "timestamp": "2025-06-12T17:31:57.743860",
  "gate_1548": "AND",
  "gate_1552": "OR",
  "best_score": 103.64833635919403,
  "best_config": {
    "0": 4.536,
    "1": 2.531,
    "2": 2.454,
    "3": 0.27,
    "4": 0.514,
    "5": 3.718,
    "6": 4.898,
    "7": 4.696,
    "8": 2.395,
    "9": 2.636,
    "10": 1.073,
    "11": 0.844,
    "12": 0.978,
    "13": 3.149,
    "14": 3.212,
    "15": 0.96,
    "16": 4.12,
    "17": 4.447,
    "18": 2.396,
    "19": 1.569,
    "20": 3.588,
    "21": 1.193,
    "22": 0.216,
    "23": 0.516,
    "24": 3.797,
    "25": 2.756,
    "26": 1.046,
    "27": 2.099,
    "28": 4.896,
    "29": 1.498,
    "30": 0.492,
    "31": 1.241,
    "32": 3.718,
    "33": 0.01,
    "34": 0.01,
    "35": 0.01,
    "36": 0.0,
    "37": 0.0,
    "38": 0.01,
    "39": 0.01
  },
  "best_details": {
    "1548nm_AND": {
      "(0.1, 0.1)": {
        "output": 2.641,
        "expected_high": false
      },
      "(0.1, 4.9)": {
        "output": 2.409,
        "expected_high": false
      },
      "(4.9, 0.1)": {
        "output": 2.931,
        "expected_high": false
      },
      "(4.9, 4.9)": {
        "output": 3.431,
        "expected_high": true
      }
    },
    "1552nm_OR": {
      "(0.1, 0.1)": {
        "output": 2.298,
        "expected_high": false
      },
      "(0.1, 4.9)": {
        "output": 3.369,
        "expected_high": true
      },
      "(4.9, 0.1)": {
        "output": 4.315,
        "expected_high": true
      },
      "(4.9, 4.9)": {
        "output": 5.582,
        "expected_high": true
      }
    },
    "scores": {
      "1548nm": 27.0,
      "1552nm": 42.09889090612936,
      "combined": 103.64833635919403
    }
  }
}