{
  "timestamp": "2025-06-25T17:29:16.427276",
  "gate_1548": "AND",
  "gate_1552": "OR",
  "best_score": 123.02265511505239,
  "best_config": {
    "0": 2.203,
    "1": 0.584,
    "2": 0.1,
    "3": 3.606,
    "4": 1.848,
    "5": 2.144,
    "6": 3.268,
    "7": 4.164,
    "8": 4.154,
    "9": 0.1,
    "10": 3.305,
    "11": 0.1,
    "12": 3.878,
    "13": 1.343,
    "14": 2.965,
    "15": 0.1,
    "16": 2.24,
    "17": 4.9,
    "18": 2.41,
    "19": 3.515,
    "20": 2.027,
    "21": 3.795,
    "22": 0.626,
    "23": 2.875,
    "24": 0.337,
    "25": 4.268,
    "26": 3.642,
    "27": 2.363,
    "28": 3.129,
    "29": 3.506,
    "30": 1.557,
    "31": 0.1,
    "32": 4.9,
    "33": 0.01,
    "34": 0.01,
    "35": 0.01,
    "36": 0.0,
    "37": 0.0,
    "38": 0.01,
    "39": 0.01
  },
  "best_details": {
    "1548nm_AND": {
      "(0.1, 0.1)": {
        "output": 1.548,
        "expected_high": false
      },
      "(0.1, 4.9)": {
        "output": 1.535,
        "expected_high": false
      },
      "(4.9, 0.1)": {
        "output": 1.544,
        "expected_high": false
      },
      "(4.9, 4.9)": {
        "output": 2.963,
        "expected_high": true
      }
    },
    "1552nm_OR": {
      "(0.1, 0.1)": {
        "output": 0.3029,
        "expected_high": false
      },
      "(0.1, 4.9)": {
        "output": 0.8653,
        "expected_high": true
      },
      "(4.9, 0.1)": {
        "output": 0.6912,
        "expected_high": true
      },
      "(4.9, 4.9)": {
        "output": 0.7581,
        "expected_high": true
      }
    },
    "scores": {
      "1548nm": 46.73107640067724,
      "1552nm": 35.284027009357686,
      "combined": 123.02265511505239
    }
  }
}