{
  "timestamp": "2025-06-25T18:41:05.920577",
  "gate_1548": "AND",
  "gate_1552": "OR",
  "best_score": 29.402973303005325,
  "best_config": {
    "0": 1.08,
    "1": 4.82,
    "2": 4.774,
    "3": 0.477,
    "4": 3.615,
    "5": 0.121,
    "6": 4.713,
    "7": 0.488,
    "8": 4.764,
    "9": 4.247,
    "10": 4.705,
    "11": 0.247,
    "12": 2.644,
    "13": 1.249,
    "14": 0.185,
    "15": 4.256,
    "16": 1.948,
    "17": 3.121,
    "18": 0.19,
    "19": 4.059,
    "20": 0.55,
    "21": 1.283,
    "22": 0.1,
    "23": 0.802,
    "24": 0.458,
    "25": 1.483,
    "26": 0.959,
    "27": 3.147,
    "28": 4.398,
    "29": 2.966,
    "30": 3.566,
    "31": 0.609,
    "32": 3.163,
    "33": 0.01,
    "34": 0.01,
    "35": 0.01,
    "36": 0.0,
    "37": 0.0,
    "38": 0.01,
    "39": 0.01
  },
  "best_details": {
    "1548nm_AND": {
      "(0.1, 0.1)": {
        "output": 6.078,
        "expected_high": false
      },
      "(0.1, 4.9)": {
        "output": 3.677,
        "expected_high": false
      },
      "(4.9, 0.1)": {
        "output": 2.543,
        "expected_high": false
      },
      "(4.9, 4.9)": {
        "output": 1.794,
        "expected_high": true
      }
    },
    "1552nm_OR": {
      "(0.1, 0.1)": {
        "output": 0.1112,
        "expected_high": false
      },
      "(0.1, 4.9)": {
        "output": 0.7493,
        "expected_high": true
      },
      "(4.9, 0.1)": {
        "output": 0.3877,
        "expected_high": true
      },
      "(4.9, 4.9)": {
        "output": 0.4547,
        "expected_high": true
      }
    },
    "scores": {
      "1548nm": -50,
      "1552nm": 49.00495550500888,
      "combined": 29.402973303005325
    }
  }
}