{
  "timestamp": "2025-06-25T17:49:09.772095",
  "gate_1548": "AND",
  "gate_1552": "OR",
  "best_score": 151.9460582586544,
  "best_config": {
    "0": 3.491,
    "1": 1.292,
    "2": 2.028,
    "3": 4.9,
    "4": 1.72,
    "5": 3.727,
    "6": 3.637,
    "7": 4.177,
    "8": 2.525,
    "9": 2.429,
    "10": 4.9,
    "11": 3.426,
    "12": 0.784,
    "13": 0.222,
    "14": 3.319,
    "15": 4.648,
    "16": 0.316,
    "17": 4.012,
    "18": 4.9,
    "19": 4.629,
    "20": 4.777,
    "21": 0.273,
    "22": 4.744,
    "23": 2.831,
    "24": 1.835,
    "25": 4.599,
    "26": 4.549,
    "27": 4.17,
    "28": 4.161,
    "29": 4.536,
    "30": 4.394,
    "31": 0.74,
    "32": 4.202,
    "33": 0.01,
    "34": 0.01,
    "35": 0.01,
    "36": 0.0,
    "37": 0.0,
    "38": 0.01,
    "39": 0.01
  },
  "best_details": {
    "1548nm_AND": {
      "(0.1, 0.1)": {
        "output": 1.994,
        "expected_high": false
      },
      "(0.1, 4.9)": {
        "output": 2.008,
        "expected_high": false
      },
      "(4.9, 0.1)": {
        "output": 1.999,
        "expected_high": false
      },
      "(4.9, 4.9)": {
        "output": 2.753,
        "expected_high": true
      }
    },
    "1552nm_OR": {
      "(0.1, 0.1)": {
        "output": 0.2139,
        "expected_high": false
      },
      "(0.1, 4.9)": {
        "output": 1.954,
        "expected_high": true
      },
      "(4.9, 0.1)": {
        "output": 1.615,
        "expected_high": true
      },
      "(4.9, 4.9)": {
        "output": 1.575,
        "expected_high": true
      }
    },
    "scores": {
      "1548nm": 31.353809299522844,
      "1552nm": 69.94356287291342,
      "combined": 151.9460582586544
    }
  }
}