{
  "timestamp": "2025-06-12T17:45:02.050086",
  "gate_1548": "AND",
  "gate_1552": "OR",
  "best_score": 147.54243806171147,
  "best_config": {
    "0": 3.23,
    "1": 2.308,
    "2": 0.527,
    "3": 3.779,
    "4": 0.651,
    "5": 0.541,
    "6": 2.765,
    "7": 0.636,
    "8": 2.869,
    "9": 0.205,
    "10": 1.538,
    "11": 0.736,
    "12": 3.386,
    "13": 3.421,
    "14": 2.841,
    "15": 2.685,
    "16": 1.8,
    "17": 1.333,
    "18": 2.924,
    "19": 0.798,
    "20": 2.338,
    "21": 4.01,
    "22": 0.599,
    "23": 0.312,
    "24": 1.763,
    "25": 1.736,
    "26": 4.263,
    "27": 4.629,
    "28": 1.569,
    "29": 3.147,
    "30": 4.124,
    "31": 4.898,
    "32": 4.328,
    "33": 0.01,
    "34": 0.01,
    "35": 0.01,
    "36": 0.0,
    "37": 0.0,
    "38": 0.01,
    "39": 0.01
  }
}