{
  "timestamp": "2025-06-12T17:24:53.354117",
  "gate_1548": "AND",
  "gate_1552": "OR",
  "best_score": 42.52714894589482,
  "best_config": {
    "0": 1.48,
    "1": 0.273,
    "2": 3.12,
    "3": 4.288,
    "4": 3.148,
    "5": 3.494,
    "6": 0.164,
    "7": 4.555,
    "8": 2.152,
    "9": 3.75,
    "10": 2.4,
    "11": 3.352,
    "12": 1.405,
    "13": 4.802,
    "14": 2.24,
    "15": 3.514,
    "16": 4.043,
    "17": 2.202,
    "18": 3.093,
    "19": 4.388,
    "20": 3.51,
    "21": 0.917,
    "22": 4.193,
    "23": 0.978,
    "24": 2.835,
    "25": 0.536,
    "26": 2.42,
    "27": 3.573,
    "28": 1.016,
    "29": 4.033,
    "30": 1.826,
    "31": 0.106,
    "32": 3.058,
    "33": 0.01,
    "34": 0.01,
    "35": 0.01,
    "36": 0.0,
    "37": 0.0,
    "38": 0.01,
    "39": 0.01
  },
  "best_details": {
    "1548nm_AND": {
      "(0.1, 0.1)": {
        "output": 4.19,
        "expected_high": false
      },
      "(0.1, 4.9)": {
        "output": 4.846,
        "expected_high": false
      },
      "(4.9, 0.1)": {
        "output": 1.205,
        "expected_high": false
      },
      "(4.9, 4.9)": {
        "output": 1.106,
        "expected_high": true
      }
    },
    "1552nm_OR": {
      "(0.1, 0.1)": {
        "output": 2.503,
        "expected_high": false
      },
      "(0.1, 4.9)": {
        "output": 5.538,
        "expected_high": true
      },
      "(4.9, 0.1)": {
        "output": 5.288,
        "expected_high": true
      },
      "(4.9, 4.9)": {
        "output": 6.591,
        "expected_high": true
      }
    },
    "scores": {
      "1548nm": -174.8,
      "1552nm": 70.87858157649137,
      "combined": 42.52714894589482
    }
  }
}