{
  "timestamp": "2025-06-25T16:45:51.334522",
  "gate_1548": "AND",
  "gate_1552": "OR",
  "best_score": 105.62446134724298,
  "best_config": {
    "0": 3.468,
    "1": 2.53,
    "2": 4.614,
    "3": 0.252,
    "4": 4.753,
    "5": 2.916,
    "6": 0.1,
    "7": 1.968,
    "8": 4.71,
    "9": 3.103,
    "10": 1.45,
    "11": 2.358,
    "12": 4.259,
    "13": 1.049,
    "14": 2.608,
    "15": 4.43,
    "16": 3.262,
    "17": 0.113,
    "18": 3.344,
    "19": 1.49,
    "20": 3.546,
    "21": 1.87,
    "22": 0.1,
    "23": 4.9,
    "24": 3.427,
    "25": 0.875,
    "26": 0.1,
    "27": 4.9,
    "28": 3.633,
    "29": 4.138,
    "30": 0.1,
    "31": 0.285,
    "32": 3.855,
    "33": 0.01,
    "34": 0.01,
    "35": 0.01,
    "36": 0.0,
    "37": 0.0,
    "38": 0.01,
    "39": 0.01
  },
  "best_details": {
    "1548nm_AND": {
      "(0.1, 0.1)": {
        "output": 0.7581,
        "expected_high": false
      },
      "(0.1, 4.9)": {
        "output": 0.6333,
        "expected_high": false
      },
      "(4.9, 0.1)": {
        "output": 0.6243,
        "expected_high": false
      },
      "(4.9, 4.9)": {
        "output": 2.159,
        "expected_high": true
      }
    },
    "1552nm_OR": {
      "(0.1, 0.1)": {
        "output": 0.544,
        "expected_high": false
      },
      "(0.1, 4.9)": {
        "output": 4.038,
        "expected_high": true
      },
      "(4.9, 0.1)": {
        "output": 1.271,
        "expected_high": true
      },
      "(4.9, 4.9)": {
        "output": 3.137,
        "expected_high": true
      }
    },
    "scores": {
      "1548nm": 60.80448672613447,
      "1552nm": 9.611820838694186,
      "combined": 105.62446134724298
    }
  }
}