{
  "timestamp": "2025-06-25T14:21:17.830258",
  "gate_1548": "AND",
  "gate_1552": "OR",
  "best_score": 170.47708534773236,
  "best_config": {
    "0": 3.833,
    "1": 0.1,
    "2": 3.133,
    "3": 1.517,
    "4": 0.978,
    "5": 3.189,
    "6": 4.752,
    "7": 0.1,
    "8": 2.601,
    "9": 3.792,
    "10": 4.123,
    "11": 3.058,
    "12": 3.862,
    "13": 1.053,
    "14": 4.9,
    "15": 1.583,
    "16": 1.823,
    "17": 3.502,
    "18": 4.108,
    "19": 3.206,
    "20": 4.209,
    "21": 4.9,
    "22": 1.456,
    "23": 4.238,
    "24": 0.927,
    "25": 1.91,
    "26": 2.208,
    "27": 0.866,
    "28": 4.14,
    "29": 0.1,
    "30": 3.587,
    "31": 1.246,
    "32": 1.081,
    "33": 0.01,
    "34": 0.01,
    "35": 0.01,
    "36": 0.0,
    "37": 0.0,
    "38": 0.01,
    "39": 0.01
  },
  "best_details": {
    "1548nm_AND": {
      "(0.1, 0.1)": {
        "output": 0.3877,
        "expected_high": false
      },
      "(0.1, 4.9)": {
        "output": 0.5752,
        "expected_high": false
      },
      "(4.9, 0.1)": {
        "output": 0.8341,
        "expected_high": false
      },
      "(4.9, 4.9)": {
        "output": 2.869,
        "expected_high": true
      }
    },
    "1552nm_OR": {
      "(0.1, 0.1)": {
        "output": 1.392,
        "expected_high": false
      },
      "(0.1, 4.9)": {
        "output": 6.118,
        "expected_high": true
      },
      "(4.9, 0.1)": {
        "output": 4.038,
        "expected_high": true
      },
      "(4.9, 4.9)": {
        "output": 10.99,
        "expected_high": true
      }
    },
    "scores": {
      "1548nm": 69.26546120769414,
      "1552nm": 44.38592902412742,
      "combined": 170.47708534773236
    }
  }
}