{
  "timestamp": "2025-06-25T12:53:50.268558",
  "gate_1548": "AND",
  "gate_1552": "OR",
  "best_score": 172.3578354249771,
  "best_config": {
    "0": 3.797,
    "1": 4.678,
    "2": 1.499,
    "3": 1.326,
    "4": 1.769,
    "5": 4.195,
    "6": 3.367,
    "7": 3.854,
    "8": 3.839,
    "9": 2.793,
    "10": 0.763,
    "11": 0.791,
    "12": 2.479,
    "13": 1.031,
    "14": 0.1,
    "15": 2.805,
    "16": 1.756,
    "17": 1.722,
    "18": 1.092,
    "19": 0.323,
    "20": 2.585,
    "21": 3.571,
    "22": 3.526,
    "23": 3.874,
    "24": 2.241,
    "25": 2.469,
    "26": 2.589,
    "27": 1.811,
    "28": 4.884,
    "29": 3.619,
    "30": 1.644,
    "31": 4.736,
    "32": 2.126,
    "33": 0.01,
    "34": 0.01,
    "35": 0.01,
    "36": 0.0,
    "37": 0.0,
    "38": 0.01,
    "39": 0.01
  }
}