{
  "timestamp": "2025-06-11T18:16:54.627138",
  "gate_1548": "AND",
  "gate_1552": "OR",
  "best_score": 127.47748294315663,
  "best_config": {
    "0": 4.735,
    "1": 3.985,
    "2": 3.106,
    "3": 1.618,
    "4": 1.523,
    "5": 0.922,
    "6": 0.163,
    "7": 1.352,
    "8": 1.956,
    "9": 3.554,
    "10": 3.492,
    "11": 3.988,
    "12": 4.488,
    "13": 4.233,
    "14": 2.645,
    "15": 4.18,
    "16": 0.1,
    "17": 1.996,
    "18": 0.648,
    "19": 0.587,
    "20": 4.414,
    "21": 1.901,
    "22": 4.199,
    "23": 3.707,
    "24": 0.635,
    "25": 0.855,
    "26": 2.765,
    "27": 4.9,
    "28": 2.429,
    "29": 1.645,
    "30": 3.627,
    "31": 2.338,
    "32": 2.855,
    "33": 0.01,
    "34": 0.01,
    "35": 0.01,
    "36": 0.0,
    "37": 0.0,
    "38": 0.01,
    "39": 0.01
  },
  "best_details": {
    "1548nm_AND": {
      "(0.1, 0.1)": {
        "output": 1.325,
        "expected_high": false
      },
      "(0.1, 4.9)": {
        "output": 1.182,
        "expected_high": false
      },
      "(4.9, 0.1)": {
        "output": 1.303,
        "expected_high": false
      },
      "(4.9, 4.9)": {
        "output": 1.472,
        "expected_high": true
      },
      "summary": {
        "gate_name": "AND",
        "wavelength": 1548,
        "avg_high": 1.472,
        "avg_low": 1.2699999999999998,
        "separation": 0.20200000000000018,
        "success_rate": 1.0,
        "final_score": 99.53306259171657,
        "component_scores": {
          "high_consistency": 1.0,
          "low_consistency": 0.9844354197238856,
          "separation": 1.0,
          "success_bonus": 1.0
        }
      }
    },
    "1552nm_OR": {
      "(0.1, 0.1)": {
        "output": 1.722,
        "expected_high": false
      },
      "(0.1, 4.9)": {
        "output": 2.307,
        "expected_high": true
      },
      "(4.9, 0.1)": {
        "output": 2.445,
        "expected_high": true
      },
      "(4.9, 4.9)": {
        "output": 2.699,
        "expected_high": true
      },
      "summary": {
        "gate_name": "OR",
        "wavelength": 1552,
        "avg_high": 2.4836666666666667,
        "avg_low": 1.722,
        "separation": 0.7616666666666667,
        "success_rate": 1.0,
        "final_score": 97.13868955912294,
        "component_scores": {
          "high_consistency": 0.904622985304098,
          "low_consistency": 1.0,
          "separation": 1.0,
          "success_bonus": 1.0
        }
      }
    },
    "scores": {
      "1548nm": 99.53306259171657,
      "1552nm": 97.13868955912294,
      "combined": 127.47748294315663,
      "min_score": 97.13868955912294,
      "avg_score": 98.33587607541975
    }
  }
}