{
  "timestamp": "2025-06-12T12:43:32.678230",
  "gate_1548": "AND",
  "gate_1552": "OR",
  "best_score": 75.89957601226523,
  "best_config": {
    "0": 2.282,
    "1": 3.442,
    "2": 3.039,
    "3": 1.497,
    "4": 2.895,
    "5": 3.771,
    "6": 0.673,
    "7": 0.79,
    "8": 2.403,
    "9": 3.789,
    "10": 1.408,
    "11": 0.63,
    "12": 1.293,
    "13": 1.89,
    "14": 4.693,
    "15": 2.598,
    "16": 2.854,
    "17": 0.539,
    "18": 4.436,
    "19": 0.367,
    "20": 2.496,
    "21": 2.845,
    "22": 1.078,
    "23": 0.724,
    "24": 2.707,
    "25": 3.994,
    "26": 0.591,
    "27": 3.094,
    "28": 1.479,
    "29": 0.63,
    "30": 3.583,
    "31": 2.715,
    "32": 2.198,
    "33": 0.01,
    "34": 0.01,
    "35": 0.01,
    "36": 0.0,
    "37": 0.0,
    "38": 0.01,
    "39": 0.01
  },
  "best_details": {
    "1548nm_AND": {
      "(0.1, 0.1)": {
        "output": 2.405,
        "expected_high": false
      },
      "(0.1, 4.9)": {
        "output": 3.123,
        "expected_high": false
      },
      "(4.9, 0.1)": {
        "output": 3.788,
        "expected_high": false
      },
      "(4.9, 4.9)": {
        "output": 5.31,
        "expected_high": true
      }
    },
    "1552nm_OR": {
      "(0.1, 0.1)": {
        "output": 1.254,
        "expected_high": false
      },
      "(0.1, 4.9)": {
        "output": 2.552,
        "expected_high": true
      },
      "(4.9, 0.1)": {
        "output": 2.833,
        "expected_high": true
      },
      "(4.9, 4.9)": {
        "output": 3.03,
        "expected_high": true
      }
    },
    "scores": {
      "1548nm": 52.61222386090482,
      "1552nm": 67.61959384708275,
      "combined": 75.89957601226523,
      "min_score": 52.61222386090482,
      "avg_score": 60.11590885399379
    }
  }
}