{
  "timestamp": "2025-06-26T16:36:54.377366",
  "optimization_type": "hybrid_sequential_efficient",
  "gate_1548": "AND",
  "gate_1552": "OR",
  "phase1_and_evaluations": 186,
  "phase2_or_evaluations": 186,
  "phase3_dual_evaluations": 25,
  "best_and_score": -50.0,
  "best_or_score": 79.23140491319016,
  "best_combined_score": 23.76942147395705,
  "best_config": {
    "0": 0.1,
    "1": 1.753,
    "2": 2.168,
    "3": 4.842,
    "4": 4.9,
    "5": 0.1,
    "6": 1.784,
    "7": 2.154,
    "8": 4.749,
    "9": 3.849,
    "10": 4.787,
    "11": 4.9,
    "12": 4.778,
    "13": 0.1,
    "14": 2.207,
    "15": 0.1,
    "16": 4.067,
    "17": 0.26,
    "18": 4.891,
    "19": 4.694,
    "20": 1.611,
    "21": 1.07,
    "22": 3.464,
    "23": 2.33,
    "24": 4.822,
    "25": 3.234,
    "26": 0.865,
    "27": 2.779,
    "28": 2.601,
    "29": 2.477,
    "30": 2.453,
    "31": 0.589,
    "32": 1.826,
    "33": 0.01,
    "34": 0.01,
    "35": 0.01,
    "36": 0.0,
    "37": 0.0,
    "38": 0.01,
    "39": 0.01
  },
  "best_details": {
    "strategy": "Best OR",
    "and_score": -50,
    "or_score": 79.23140491319016,
    "combined_score": 23.76942147395705
  },
  "phase_summaries": {
    "phase1_best_and": 64.02828407655173,
    "phase2_best_or": 76.70181468241123,
    "good_and_configs_found": 26,
    "good_or_configs_found": 49
  }
}