{
  "timestamp": "2025-06-27T19:05:43.145080",
  "gate_1548": "AND",
  "gate_1552": "OR",
  "best_score": 133.54800279251805,
  "best_config": {
    "0": 4.768,
    "1": 0.1,
    "2": 1.384,
    "3": 4.9,
    "4": 1.917,
    "5": 0.1,
    "6": 3.72,
    "7": 2.786,
    "8": 1.002,
    "9": 0.89,
    "10": 0.117,
    "11": 1.783,
    "12": 3.88,
    "13": 1.746,
    "14": 0.69,
    "15": 4.698,
    "16": 0.21,
    "17": 4.407,
    "18": 4.85,
    "19": 4.258,
    "20": 4.629,
    "21": 1.557,
    "22": 4.735,
    "23": 4.9,
    "24": 0.1,
    "25": 2.876,
    "26": 3.517,
    "27": 2.508,
    "28": 2.511,
    "29": 1.279,
    "30": 0.744,
    "31": 2.047,
    "32": 0.998,
    "33": 0.01,
    "34": 0.01,
    "35": 0.01,
    "36": 0.0,
    "37": 0.0,
    "38": 0.01,
    "39": 0.01
  },
  "best_details": {
    "1548nm": {
      "(0.1, 0.1)": {
        "output": 1.048,
        "expected_high": false,
        "measurements": [
          1.039,
          1.048,
          1.111
        ]
      },
      "(0.1, 4.9)": {
        "output": 1.392,
        "expected_high": false,
        "measurements": [
          1.396,
          1.392,
          1.365
        ]
      },
      "(4.9, 0.1)": {
        "output": 1.816,
        "expected_high": false,
        "measurements": [
          1.865,
          1.807,
          1.816
        ]
      },
      "(4.9, 4.9)": {
        "output": 2.802,
        "expected_high": true,
        "measurements": [
          2.789,
          2.838,
          2.802
        ]
      }
    },
    "1552nm": {
      "(0.1, 0.1)": {
        "output": 1.838,
        "expected_high": false,
        "measurements": [
          1.735,
          1.861,
          1.838
        ]
      },
      "(0.1, 4.9)": {
        "output": 4.034,
        "expected_high": true,
        "measurements": [
          4.029,
          4.047,
          4.034
        ]
      },
      "(4.9, 0.1)": {
        "output": 3.989,
        "expected_high": true,
        "measurements": [
          3.998,
          3.98,
          3.989
        ]
      },
      "(4.9, 4.9)": {
        "output": 7.149,
        "expected_high": true,
        "measurements": [
          6.988,
          7.149,
          7.162
        ]
      }
    },
    "scores": {
      "1548nm": 38.98839656604037,
      "1552nm": 62.736342351184575,
      "combined": 133.54800279251805
    }
  },
  "performance_summary": {
    "total_evaluations": 80,
    "best_scores": {
      "1548nm_only": 62.7568157841742,
      "1552nm_only": 81.34687349398874,
      "combined": 133.54800279251805
    },
    "convergence_history": [
      {
        "iteration": 0,
        "scores": {
          "1548nm": -155.36,
          "1552nm": -303.2234031227967,
          "combined": -46.608000000000004
        }
      },
      {
        "iteration": 1,
        "scores": {
          "1548nm": 16.06886432493459,
          "1552nm": -511.4000000000001,
          "combined": -2000
        }
      },
      {
        "iteration": 2,
        "scores": {
          "1548nm": 62.7568157841742,
          "1552nm": -540.8800000000001,
          "combined": -2000
        }
      },
      {
        "iteration": 3,
        "scores": {
          "1548nm": 14.677103604497539,
          "1552nm": -226.76000000000002,
          "combined": 4.403131081349262
        }
      },
      {
        "iteration": 4,
        "scores": {
          "1548nm": -589.02,
          "1552nm": -236.25775590921842,
          "combined": -2000
        }
      },
      {
        "iteration": 5,
        "scores": {
          "1548nm": 31.623217046556857,
          "1552nm": 61.713754790887336,
          "combined": 127.32066990700592
        }
      },
      {
        "iteration": 6,
        "scores": {
          "1548nm": 5.970972929387556,
          "1552nm": 13.902239419830346,
          "combined": 79.74036215055366
        }
      },
      {
        "iteration": 7,
        "scores": {
          "1548nm": -153.2126820370012,
          "1552nm": 81.34687349398874,
          "combined": 24.40406204819662
        }
      },
      {
        "iteration": 8,
        "scores": {
          "1548nm": -127.89488758458855,
          "1552nm": 39.07805484538157,
          "combined": 11.72341645361447
        }
      },
      {
        "iteration": 9,
        "scores": {
          "1548nm": -216.0,
          "1552nm": 8.335201554648304,
          "combined": 2.500560466394491
        }
      },
      {
        "iteration": 10,
        "scores": {
          "1548nm": 38.98839656604037,
          "1552nm": 62.736342351184575,
          "combined": 133.54800279251805
        }
      },
      {
        "iteration": 11,
        "scores": {
          "1548nm": 33.72378519910466,
          "1552nm": 60.285873230076525,
          "combined": 128.12182231201757
        }
      },
      {
        "iteration": 12,
        "scores": {
          "1548nm": 35.91994196729644,
          "1552nm": 61.604337298658,
          "combined": 130.56484593402806
        }
      },
      {
        "iteration": 13,
        "scores": {
          "1548nm": 32.898445376871756,
          "1552nm": 58.81867625862098,
          "combined": 126.63788507961524
        }
      },
      {
        "iteration": 14,
        "scores": {
          "1548nm": 33.639519724270706,
          "1552nm": 59.570486683387315,
          "combined": 127.64132303470525
        }
      },
      {
        "iteration": 15,
        "scores": {
          "1548nm": 34.069605811308854,
          "1552nm": 60.103527663217136,
          "combined": 128.27997276153405
        }
      },
      {
        "iteration": 16,
        "scores": {
          "1548nm": 40.39659146996382,
          "1552nm": 55.29852998912071,
          "combined": 130.08460971615037
        }
      },
      {
        "iteration": 17,
        "scores": {
          "1548nm": 36.19337227696531,
          "1552nm": 60.98258856356641,
          "combined": 130.40765875478158
        }
      },
      {
        "iteration": 18,
        "scores": {
          "1548nm": 37.46287832938132,
          "1552nm": 59.68272777707083,
          "combined": 130.59295250272442
        }
      },
      {
        "iteration": 19,
        "scores": {
          "1548nm": 38.16372125196083,
          "1552nm": 60.99904429434805,
          "combined": 131.89954966076573
        }
      }
    ]
  },
  "best_single_wavelength_configs": {
    "1548nm": {
      "0": 4.768,
      "1": 0.1,
      "2": 1.384,
      "3": 4.9,
      "4": 1.917,
      "5": 0.1,
      "6": 3.72,
      "7": 2.786,
      "8": 1.002,
      "9": 0.89,
      "10": 0.117,
      "11": 1.783,
      "12": 3.88,
      "13": 1.746,
      "14": 0.69,
      "15": 4.698,
      "16": 0.21,
      "17": 4.407,
      "18": 4.85,
      "19": 4.258,
      "20": 4.629,
      "21": 1.557,
      "22": 4.735,
      "23": 4.9,
      "24": 0.1,
      "25": 2.876,
      "26": 3.517,
      "27": 2.508,
      "28": 2.511,
      "29": 1.279,
      "30": 0.744,
      "31": 2.047,
      "32": 0.998,
      "33": 0.01,
      "34": 0.01,
      "35": 0.01,
      "36": 0.0,
      "37": 0.0,
      "38": 0.01,
      "39": 0.01
    },
    "1552nm": {
      "0": 4.768,
      "1": 0.1,
      "2": 1.384,
      "3": 4.9,
      "4": 1.917,
      "5": 0.1,
      "6": 3.72,
      "7": 2.786,
      "8": 1.002,
      "9": 0.89,
      "10": 0.117,
      "11": 1.783,
      "12": 3.88,
      "13": 1.746,
      "14": 0.69,
      "15": 4.698,
      "16": 0.21,
      "17": 4.407,
      "18": 4.85,
      "19": 4.258,
      "20": 4.629,
      "21": 1.557,
      "22": 4.735,
      "23": 4.9,
      "24": 0.1,
      "25": 2.876,
      "26": 3.517,
      "27": 2.508,
      "28": 2.511,
      "29": 1.279,
      "30": 0.744,
      "31": 2.047,
      "32": 0.998,
      "33": 0.01,
      "34": 0.01,
      "35": 0.01,
      "36": 0.0,
      "37": 0.0,
      "38": 0.01,
      "39": 0.01
    }
  }
}