{
  "timestamp": "2025-06-27T18:52:06.403152",
  "gate_1548": "AND",
  "gate_1552": "OR",
  "optimization_strategy": "Large batch optimization with minimal switching",
  "best_score": 139.1158581228614,
  "best_config": {
    "0": 0.844,
    "1": 0.1,
    "2": 4.681,
    "3": 0.1,
    "4": 1.49,
    "5": 4.386,
    "6": 1.908,
    "7": 0.1,
    "8": 3.53,
    "9": 2.94,
    "10": 0.1,
    "11": 4.9,
    "12": 2.866,
    "13": 3.17,
    "14": 2.571,
    "15": 4.871,
    "16": 3.298,
    "17": 4.763,
    "18": 4.134,
    "19": 1.649,
    "20": 0.219,
    "21": 1.201,
    "22": 0.568,
    "23": 4.568,
    "24": 1.963,
    "25": 0.54,
    "26": 0.1,
    "27": 3.915,
    "28": 4.9,
    "29": 0.1,
    "30": 0.843,
    "31": 0.199,
    "32": 3.703,
    "33": 0.01,
    "34": 0.01,
    "35": 0.01,
    "36": 0.0,
    "37": 0.0,
    "38": 0.01,
    "39": 0.01
  },
  "best_details": {
    "1548nm": {
      "(0.1, 0.1)": {
        "output": 0.3565,
        "expected_high": false,
        "measurements": [
          0.3565,
          0.3477,
          0.3656
        ]
      },
      "(0.1, 4.9)": {
        "output": 1.057,
        "expected_high": false,
        "measurements": [
          1.057,
          1.044,
          1.084
        ]
      },
      "(4.9, 0.1)": {
        "output": 4.975,
        "expected_high": false,
        "measurements": [
          4.971,
          4.975,
          4.975
        ]
      },
      "(4.9, 4.9)": {
        "output": 7.028,
        "expected_high": true,
        "measurements": [
          6.961,
          7.028,
          7.037
        ]
      }
    },
    "1552nm": {
      "(0.1, 0.1)": {
        "output": 0.1781,
        "expected_high": false,
        "measurements": [
          0.1736,
          0.1781,
          0.1915
        ]
      },
      "(0.1, 4.9)": {
        "output": 3.199,
        "expected_high": true,
        "measurements": [
          3.23,
          3.199,
          3.119
        ]
      },
      "(4.9, 0.1)": {
        "output": 0.66,
        "expected_high": true,
        "measurements": [
          0.6645,
          0.66,
          0.6555
        ]
      },
      "(4.9, 4.9)": {
        "output": 2.409,
        "expected_high": true,
        "measurements": [
          2.432,
          2.409,
          2.378
        ]
      }
    },
    "scores": {
      "1548nm": 24.77149251742208,
      "1552nm": 95.59275196923852,
      "combined": 139.1158581228614
    }
  },
  "performance_summary": {
    "total_evaluations": 140,
    "total_switches": 12,
    "total_switch_time_seconds": 180.2,
    "average_configs_per_switch": 11.7,
    "best_scores": {
      "1548nm_only": 76.83799709372883,
      "1552nm_only": 104.58035542126531,
      "combined": 139.1158581228614
    },
    "convergence_history": [
      {
        "iteration": 0,
        "scores": {
          "1548nm": 48.6570490297308,
          "1552nm": 13.612111922704369,
          "combined": 105.62645497616563
        }
      },
      {
        "iteration": 1,
        "scores": {
          "1548nm": 23.065487565679447,
          "1552nm": 80.25663884728264,
          "combined": 130.07529324574253
        }
      },
      {
        "iteration": 2,
        "scores": {
          "1548nm": -348.20000000000005,
          "1552nm": -81.41548870823792,
          "combined": -24.424646612471374
        }
      },
      {
        "iteration": 3,
        "scores": {
          "1548nm": 10.086909090746063,
          "1552nm": 37.83222498026822,
          "combined": 96.86248596279694
        }
      },
      {
        "iteration": 4,
        "scores": {
          "1548nm": 18.106870166787285,
          "1552nm": 17.195676522478827,
          "combined": 90.19965229483023
        }
      },
      {
        "iteration": 5,
        "scores": {
          "1548nm": -509.43252016053367,
          "1552nm": -44.51554884675859,
          "combined": -2000
        }
      },
      {
        "iteration": 6,
        "scores": {
          "1548nm": -515.06,
          "1552nm": -105.00344864628201,
          "combined": -2000
        }
      },
      {
        "iteration": 7,
        "scores": {
          "1548nm": 9.29998717059535,
          "1552nm": 104.58035542126531,
          "combined": 127.65657466330585
        }
      },
      {
        "iteration": 8,
        "scores": {
          "1548nm": 20.499919476732813,
          "1552nm": -334.8,
          "combined": 6.149975843019844
        }
      },
      {
        "iteration": 9,
        "scores": {
          "1548nm": -132.8,
          "1552nm": -308.85999999999996,
          "combined": -39.84
        }
      },
      {
        "iteration": 10,
        "scores": {
          "1548nm": 24.775157710674616,
          "1552nm": 76.37935187745845,
          "combined": 129.61506063389595
        }
      },
      {
        "iteration": 11,
        "scores": {
          "1548nm": 24.51903729633493,
          "1552nm": 83.3894493006579,
          "combined": 132.93308824700446
        }
      },
      {
        "iteration": 12,
        "scores": {
          "1548nm": 24.77149251742208,
          "1552nm": 95.59275196923852,
          "combined": 139.1158581228614
        }
      },
      {
        "iteration": 13,
        "scores": {
          "1548nm": 25.995890233634192,
          "1552nm": 63.151409220985066,
          "combined": 123.64136003377946
        }
      },
      {
        "iteration": 14,
        "scores": {
          "1548nm": 23.865290935800758,
          "1552nm": 88.43589803873526,
          "combined": 134.82899710927686
        }
      },
      {
        "iteration": 15,
        "scores": {
          "1548nm": 26.587489637242797,
          "1552nm": 81.21940610378198,
          "combined": 133.66468763408471
        }
      },
      {
        "iteration": 16,
        "scores": {
          "1548nm": 25.273289245897843,
          "1552nm": 81.4822037226187,
          "combined": 132.64554573248205
        }
      },
      {
        "iteration": 17,
        "scores": {
          "1548nm": 25.51840018374363,
          "1552nm": 78.18690234897957,
          "combined": 131.18583792064484
        }
      },
      {
        "iteration": 18,
        "scores": {
          "1548nm": 24.465944796485772,
          "1552nm": 81.19726512338633,
          "combined": 131.78924793187707
        }
      },
      {
        "iteration": 19,
        "scores": {
          "1548nm": 24.092281306352305,
          "1552nm": 82.74614898259865,
          "combined": 132.23188395309305
        }
      },
      {
        "iteration": 20,
        "scores": {
          "1548nm": 25.335546298008644,
          "1552nm": 88.47448043022618,
          "combined": 136.18321405155464
        }
      },
      {
        "iteration": 21,
        "scores": {
          "1548nm": 25.35552640999019,
          "1552nm": 78.50523600931177,
          "combined": 131.20690839482307
        }
      },
      {
        "iteration": 22,
        "scores": {
          "1548nm": 24.171194344478252,
          "1552nm": 88.45295569579947,
          "combined": 135.11622048842463
        }
      },
      {
        "iteration": 23,
        "scores": {
          "1548nm": 25.67039573728536,
          "1552nm": 84.22569208189098,
          "combined": 134.37533661235906
        }
      },
      {
        "iteration": 24,
        "scores": {
          "1548nm": 23.364955501640715,
          "1552nm": 82.12905063615744,
          "combined": 131.27505929084404
        }
      },
      {
        "iteration": 25,
        "scores": {
          "1548nm": 24.329590047987956,
          "1552nm": 83.66315557628609,
          "combined": 132.9001467000664
        }
      },
      {
        "iteration": 26,
        "scores": {
          "1548nm": 24.019806518692278,
          "1552nm": 83.18927801244712,
          "combined": 132.38760995296704
        }
      },
      {
        "iteration": 27,
        "scores": {
          "1548nm": 25.361236691523644,