{
  "timestamp": "2025-06-26T17:40:28.109600",
  "gate_1548": "AND",
  "gate_1552": "OR",
  "best_score": 108.5838576283826,
  "best_config": {
    "0": 3.875,
    "1": 4.141,
    "2": 2.89,
    "3": 1.632,
    "4": 1.415,
    "5": 0.683,
    "6": 4.615,
    "7": 2.903,
    "8": 2.562,
    "9": 3.22,
    "10": 2.898,
    "11": 0.258,
    "12": 2.497,
    "13": 1.528,
    "14": 3.26,
    "15": 1.569,
    "16": 3.59,
    "17": 4.364,
    "18": 0.944,
    "19": 0.561,
    "20": 0.378,
    "21": 4.298,
    "22": 4.039,
    "23": 3.89,
    "24": 4.63,
    "25": 3.572,
    "26": 3.917,
    "27": 3.081,
    "28": 4.4,
    "29": 4.0,
    "30": 2.443,
    "31": 1.018,
    "32": 0.633,
    "33": 0.01,
    "34": 0.01,
    "35": 0.01,
    "36": 0.0,
    "37": 0.0,
    "38": 0.01,
    "39": 0.01
  },
  "best_details": {
    "1548nm_AND": {
      "(0.1, 0.1)": {
        "output": 0.5261,
        "expected_high": false
      },
      "(0.1, 4.9)": {
        "output": 0.9589,
        "expected_high": false
      },
      "(4.9, 0.1)": {
        "output": 0.9368,
        "expected_high": false
      },
      "(4.9, 4.9)": {
        "output": 2.918,
        "expected_high": true
      }
    },
    "1552nm_OR": {
      "(0.1, 0.1)": {
        "output": 2.048,
        "expected_high": false
      },
      "(0.1, 4.9)": {
        "output": 2.467,
        "expected_high": true
      },
      "(4.9, 0.1)": {
        "output": 2.289,
        "expected_high": true
      },
      "(4.9, 4.9)": {
        "output": 2.293,
        "expected_high": true
      }
    },
    "scores": {
      "1548nm": 55.718321566713385,
      "1552nm": 16.670916852208357,
      "combined": 108.5838576283826
    }
  }
}