{
  "session_id": "20250616_141545",
  "total_evaluations": 21,
  "best_score": 2.117761768314795,
  "best_config": {
    "0": 3.0,
    "1": 1.0,
    "2": 4.9,
    "3": 3.0,
    "4": 0.1,
    "5": 1.0,
    "6": 0.1,
    "7": 1.0,
    "8": 1.0,
    "9": 3.0,
    "10": 2.0,
    "11": 3.0,
    "12": 4.9,
    "13": 3.0,
    "14": 4.0,
    "15": 2.0,
    "16": 1.0,
    "17": 3.0,
    "18": 4.9,
    "19": 4.0,
    "20": 2.0,
    "21": 4.0,
    "22": 2.0,
    "23": 2.0,
    "24": 0.1,
    "25": 1.0,
    "26": 2.0,
    "27": 1.0,
    "28": 4.0,
    "29": 3.0,
    "30": 2.0,
    "31": 4.0,
    "32": 4.0
  },
  "data_points": 20,
  "timestamp": "2025-06-16T14:16:24.788061",
  "score_history": [
    1.5897044672541578,
    -0.8221887399199954,
    -3.3536939207345284,
    0.05411094895927668,
    0.2739148885510869,
    0.4686770566040378,
    2.117761768314795,
    -2.192749119024099,
    1.175001177946866,
    -0.8137785365043477,
    -2.909371388176114,
    0.8184546553506222,
    -2.1516863739037277,
    -2.1340926852270625,
    -3.764459402122251,
    -1.071626689425437,
    -2.4411647656529993,
    -1.0040091147640537,
    -2.121112814784021,
    -3.2183819000624494
  ]
}